"","result","n","percentage"
"1","invalid",301,0.0193893326462252
"2","negative",14358,0.924890492141201
"3","positive",865,0.0557201752125741
